Name,Review,Date,Star Rating,restaurant
Opinion [Upgrade to see in full],Four an [Upgrade to see in full],7/10/20 [Upgrade to see in full],5.0 sta [Upgrade to see in full],Buceo 95
Mathew  [Upgrade to see in full],I reali [Upgrade to see in full],3/10/20 [Upgrade to see in full],1.0 sta [Upgrade to see in full],Buceo 95
Sam B.,The foo [Upgrade to see in full],7/21/20 [Upgrade to see in full],3.0 sta [Upgrade to see in full],Buceo 95
Kristen [Upgrade to see in full],Love th [Upgrade to see in full],1/21/20 [Upgrade to see in full],4.0 sta [Upgrade to see in full],Buceo 95
Cristin [Upgrade to see in full],I reall [Upgrade to see in full],8/7/201 [Upgrade to see in full],4.0 sta [Upgrade to see in full],Buceo 95
Selina  [Upgrade to see in full],Good ne [Upgrade to see in full],9/29/20 [Upgrade to see in full],4.0 sta [Upgrade to see in full],Buceo 95
Alex g.,Love th [Upgrade to see in full],10/4/20 [Upgrade to see in full],5.0 sta [Upgrade to see in full],Buceo 95
Art A.,Update: [Upgrade to see in full],7/20/20 [Upgrade to see in full],4.0 sta [Upgrade to see in full],Buceo 95
Adam S.,One of  [Upgrade to see in full],12/11/2 [Upgrade to see in full],1.0 sta [Upgrade to see in full],Buceo 95
Kyra D.,Absolut [Upgrade to see in full],3/3/201 [Upgrade to see in full],4.0 sta [Upgrade to see in full],Buceo 95
Joanne  [Upgrade to see in full],Pretty  [Upgrade to see in full],9/29/20 [Upgrade to see in full],2.0 sta [Upgrade to see in full],Buceo 95
Anjali  [Upgrade to see in full],We had  [Upgrade to see in full],3/8/201 [Upgrade to see in full],4.0 sta [Upgrade to see in full],Buceo 95
Steven  [Upgrade to see in full],Super d [Upgrade to see in full],8/3/201 [Upgrade to see in full],1.0 sta [Upgrade to see in full],Buceo 95
Jenn R.,My boyf [Upgrade to see in full],3/16/20 [Upgrade to see in full],5.0 sta [Upgrade to see in full],Buceo 95
Manny S [Upgrade to see in full],Delicio [Upgrade to see in full],9/4/201 [Upgrade to see in full],4.0 sta [Upgrade to see in full],Buceo 95
Julie A [Upgrade to see in full],I love  [Upgrade to see in full],8/29/20 [Upgrade to see in full],4.0 sta [Upgrade to see in full],Buceo 95
Maribel [Upgrade to see in full],I first [Upgrade to see in full],8/26/20 [Upgrade to see in full],4.0 sta [Upgrade to see in full],Buceo 95
Carolin [Upgrade to see in full],The foo [Upgrade to see in full],6/26/20 [Upgrade to see in full],2.0 sta [Upgrade to see in full],Buceo 95
George  [Upgrade to see in full],What an [Upgrade to see in full],2/13/20 [Upgrade to see in full],5.0 sta [Upgrade to see in full],Buceo 95
Alex W.,Its bee [Upgrade to see in full],6/9/201 [Upgrade to see in full],2.0 sta [Upgrade to see in full],Buceo 95
Frank L [Upgrade to see in full],Busceo  [Upgrade to see in full],7/17/20 [Upgrade to see in full],5.0 sta [Upgrade to see in full],Buceo 95
Jeremy  [Upgrade to see in full],This wa [Upgrade to see in full],1/15/20 [Upgrade to see in full],4.0 sta [Upgrade to see in full],Buceo 95
Patrici [Upgrade to see in full],We live [Upgrade to see in full],4/23/20 [Upgrade to see in full],4.0 sta [Upgrade to see in full],Buceo 95
C W.,To go o [Upgrade to see in full],6/3/201 [Upgrade to see in full],5.0 sta [Upgrade to see in full],Buceo 95
Lucie T [Upgrade to see in full],Went Mo [Upgrade to see in full],6/30/20 [Upgrade to see in full],4.0 sta [Upgrade to see in full],Buceo 95
Vanessa [Upgrade to see in full],Where d [Upgrade to see in full],2/13/20 [Upgrade to see in full],5.0 sta [Upgrade to see in full],Buceo 95
Robert  [Upgrade to see in full],This is [Upgrade to see in full],8/4/201 [Upgrade to see in full],5.0 sta [Upgrade to see in full],Buceo 95
Papa T.,Enjoy c [Upgrade to see in full],8/17/20 [Upgrade to see in full],5.0 sta [Upgrade to see in full],Buceo 95
Niko B.,Not ter [Upgrade to see in full],5/7/201 [Upgrade to see in full],3.0 sta [Upgrade to see in full],Buceo 95
andy t.,My Buce [Upgrade to see in full],12/21/2 [Upgrade to see in full],4.0 sta [Upgrade to see in full],Buceo 95
Joel L.,Its bee [Upgrade to see in full],7/31/20 [Upgrade to see in full],5.0 sta [Upgrade to see in full],Buceo 95
Alexia  [Upgrade to see in full],Had to  [Upgrade to see in full],10/10/2 [Upgrade to see in full],2.0 sta [Upgrade to see in full],Buceo 95
Abigail [Upgrade to see in full],One of  [Upgrade to see in full],4/17/20 [Upgrade to see in full],5.0 sta [Upgrade to see in full],Buceo 95
Kate V.,Perfect [Upgrade to see in full],10/25/2 [Upgrade to see in full],4.0 sta [Upgrade to see in full],Buceo 95
George  [Upgrade to see in full],So aver [Upgrade to see in full],2/10/20 [Upgrade to see in full],2.0 sta [Upgrade to see in full],Buceo 95
Karine  [Upgrade to see in full],What a  [Upgrade to see in full],3/15/20 [Upgrade to see in full],5.0 sta [Upgrade to see in full],Buceo 95
Pita K.,We love [Upgrade to see in full],9/3/201 [Upgrade to see in full],4.0 sta [Upgrade to see in full],Buceo 95
James M [Upgrade to see in full],Came th [Upgrade to see in full],11/5/20 [Upgrade to see in full],5.0 sta [Upgrade to see in full],Buceo 95
Felicia [Upgrade to see in full],Croquet [Upgrade to see in full],4/6/201 [Upgrade to see in full],3.0 sta [Upgrade to see in full],Buceo 95
Janna B [Upgrade to see in full],I went  [Upgrade to see in full],2/8/201 [Upgrade to see in full],5.0 sta [Upgrade to see in full],Buceo 95
J K.,Really? [Upgrade to see in full],9/26/20 [Upgrade to see in full],2.0 sta [Upgrade to see in full],Buceo 95
Geoff G [Upgrade to see in full],Had a g [Upgrade to see in full],4/4/201 [Upgrade to see in full],3.0 sta [Upgrade to see in full],Buceo 95
Lia K.,I liked [Upgrade to see in full],7/25/20 [Upgrade to see in full],4.0 sta [Upgrade to see in full],Buceo 95
John A.,On a ni [Upgrade to see in full],8/3/201 [Upgrade to see in full],4.0 sta [Upgrade to see in full],Buceo 95
Jennife [Upgrade to see in full],Pleasan [Upgrade to see in full],2/26/20 [Upgrade to see in full],4.0 sta [Upgrade to see in full],Buceo 95
Lisa S.,This is [Upgrade to see in full],4/26/20 [Upgrade to see in full],4.0 sta [Upgrade to see in full],Buceo 95
Christi [Upgrade to see in full],This wa [Upgrade to see in full],7/22/20 [Upgrade to see in full],5.0 sta [Upgrade to see in full],Buceo 95
Lissett [Upgrade to see in full],Went to [Upgrade to see in full],9/10/20 [Upgrade to see in full],4.0 sta [Upgrade to see in full],Buceo 95
Austin  [Upgrade to see in full],We've b [Upgrade to see in full],9/18/20 [Upgrade to see in full],5.0 sta [Upgrade to see in full],Buceo 95
Meg D.,I live  [Upgrade to see in full],11/5/20 [Upgrade to see in full],4.0 sta [Upgrade to see in full],Buceo 95
Benoit  [Upgrade to see in full],Probabl [Upgrade to see in full],9/3/201 [Upgrade to see in full],1.0 sta [Upgrade to see in full],Buceo 95
Annie R [Upgrade to see in full],I think [Upgrade to see in full],10/20/2 [Upgrade to see in full],3.0 sta [Upgrade to see in full],Buceo 95
Peter W [Upgrade to see in full],Dropped [Upgrade to see in full],1/17/20 [Upgrade to see in full],4.0 sta [Upgrade to see in full],Buceo 95
John B.,My wife [Upgrade to see in full],8/10/20 [Upgrade to see in full],4.0 sta [Upgrade to see in full],Buceo 95
Kai Y.,Great l [Upgrade to see in full],3/7/201 [Upgrade to see in full],5.0 sta [Upgrade to see in full],Buceo 95
Rachel  [Upgrade to see in full],Really  [Upgrade to see in full],2/25/20 [Upgrade to see in full],4.0 sta [Upgrade to see in full],Buceo 95
Rashna  [Upgrade to see in full],I am a  [Upgrade to see in full],7/16/20 [Upgrade to see in full],2.0 sta [Upgrade to see in full],Buceo 95
Sarah C [Upgrade to see in full],Really  [Upgrade to see in full],9/14/20 [Upgrade to see in full],4.0 sta [Upgrade to see in full],Buceo 95
Lizz H.,Great t [Upgrade to see in full],10/21/2 [Upgrade to see in full],4.0 sta [Upgrade to see in full],Buceo 95
Lev J.,This re [Upgrade to see in full],1/7/201 [Upgrade to see in full],5.0 sta [Upgrade to see in full],Buceo 95
Ell C.,I happi [Upgrade to see in full],6/20/20 [Upgrade to see in full],4.0 sta [Upgrade to see in full],Buceo 95
Jhoanna [Upgrade to see in full],You mus [Upgrade to see in full],8/2/200 [Upgrade to see in full],4.0 sta [Upgrade to see in full],Buceo 95
Kurt H.,We went [Upgrade to see in full],8/11/20 [Upgrade to see in full],4.0 sta [Upgrade to see in full],Buceo 95
Tudor P [Upgrade to see in full],Surpris [Upgrade to see in full],4/27/20 [Upgrade to see in full],4.0 sta [Upgrade to see in full],Buceo 95
sam c.,Pros- a [Upgrade to see in full],11/3/20 [Upgrade to see in full],2.0 sta [Upgrade to see in full],Buceo 95
Roni R.,The foo [Upgrade to see in full],5/31/20 [Upgrade to see in full],3.0 sta [Upgrade to see in full],Buceo 95
Carla L [Upgrade to see in full],It's al [Upgrade to see in full],2/6/201 [Upgrade to see in full],3.0 sta [Upgrade to see in full],Buceo 95
Min K.,i'm not [Upgrade to see in full],2/28/20 [Upgrade to see in full],4.0 sta [Upgrade to see in full],Buceo 95
Diana B [Upgrade to see in full],We are  [Upgrade to see in full],10/16/2 [Upgrade to see in full],5.0 sta [Upgrade to see in full],Buceo 95
Larisa  [Upgrade to see in full],3 of us [Upgrade to see in full],1/3/201 [Upgrade to see in full],4.0 sta [Upgrade to see in full],Buceo 95
Vania M [Upgrade to see in full],My boyf [Upgrade to see in full],5/23/20 [Upgrade to see in full],4.0 sta [Upgrade to see in full],Buceo 95
LC L.,I love  [Upgrade to see in full],7/9/201 [Upgrade to see in full],5.0 sta [Upgrade to see in full],Buceo 95
G S.,I tried [Upgrade to see in full],4/27/20 [Upgrade to see in full],4.0 sta [Upgrade to see in full],Buceo 95
Justin  [Upgrade to see in full],as a vi [Upgrade to see in full],2/10/20 [Upgrade to see in full],4.0 sta [Upgrade to see in full],Buceo 95
John S.,Downtow [Upgrade to see in full],10/3/20 [Upgrade to see in full],4.0 sta [Upgrade to see in full],Buceo 95
Rich R.,Went ba [Upgrade to see in full],7/23/20 [Upgrade to see in full],5.0 sta [Upgrade to see in full],Buceo 95
Chinh T [Upgrade to see in full],i think [Upgrade to see in full],4/11/20 [Upgrade to see in full],2.0 sta [Upgrade to see in full],Buceo 95
Jung L.,After r [Upgrade to see in full],8/12/20 [Upgrade to see in full],2.0 sta [Upgrade to see in full],Buceo 95
Josh E.,Local t [Upgrade to see in full],5/16/20 [Upgrade to see in full],4.0 sta [Upgrade to see in full],Buceo 95
Allison [Upgrade to see in full],I went  [Upgrade to see in full],2/3/200 [Upgrade to see in full],5.0 sta [Upgrade to see in full],Buceo 95
Danny H [Upgrade to see in full],I can't [Upgrade to see in full],5/9/201 [Upgrade to see in full],4.0 sta [Upgrade to see in full],Buceo 95
Viola K [Upgrade to see in full],Great p [Upgrade to see in full],4/10/20 [Upgrade to see in full],5.0 sta [Upgrade to see in full],Buceo 95
Archana [Upgrade to see in full],Super t [Upgrade to see in full],1/16/20 [Upgrade to see in full],5.0 sta [Upgrade to see in full],Buceo 95
Maryann [Upgrade to see in full],Eh - I  [Upgrade to see in full],6/9/200 [Upgrade to see in full],2.0 sta [Upgrade to see in full],Buceo 95
shani b [Upgrade to see in full],I reall [Upgrade to see in full],3/28/20 [Upgrade to see in full],3.0 sta [Upgrade to see in full],Buceo 95
Melanie [Upgrade to see in full],Tasty i [Upgrade to see in full],6/15/20 [Upgrade to see in full],4.0 sta [Upgrade to see in full],Buceo 95
Allison [Upgrade to see in full],Definit [Upgrade to see in full],11/8/20 [Upgrade to see in full],5.0 sta [Upgrade to see in full],Buceo 95
Patty M [Upgrade to see in full],Fabulou [Upgrade to see in full],1/8/201 [Upgrade to see in full],5.0 sta [Upgrade to see in full],Buceo 95
Clara R [Upgrade to see in full],I had a [Upgrade to see in full],3/17/20 [Upgrade to see in full],5.0 sta [Upgrade to see in full],Buceo 95
Linda C [Upgrade to see in full],Stumble [Upgrade to see in full],7/18/20 [Upgrade to see in full],5.0 sta [Upgrade to see in full],Buceo 95
Gwen G.,We had  [Upgrade to see in full],2/18/20 [Upgrade to see in full],5.0 sta [Upgrade to see in full],Buceo 95
K S.,A group [Upgrade to see in full],2/4/201 [Upgrade to see in full],4.0 sta [Upgrade to see in full],Buceo 95
Jane D.,I live  [Upgrade to see in full],1/30/20 [Upgrade to see in full],4.0 sta [Upgrade to see in full],Buceo 95
Charles [Upgrade to see in full],The BF  [Upgrade to see in full],7/16/20 [Upgrade to see in full],4.0 sta [Upgrade to see in full],Buceo 95
Natalie [Upgrade to see in full],Came he [Upgrade to see in full],11/4/20 [Upgrade to see in full],3.0 sta [Upgrade to see in full],Buceo 95
Lucinda [Upgrade to see in full],Wonderf [Upgrade to see in full],10/25/2 [Upgrade to see in full],4.0 sta [Upgrade to see in full],Buceo 95
Sumit D [Upgrade to see in full],This pl [Upgrade to see in full],6/22/20 [Upgrade to see in full],4.0 sta [Upgrade to see in full],Buceo 95
Michael [Upgrade to see in full],This ho [Upgrade to see in full],9/27/20 [Upgrade to see in full],4.0 sta [Upgrade to see in full],Buceo 95
Don H.,"Good, b [Upgrade to see in full]",2/24/20 [Upgrade to see in full],3.0 sta [Upgrade to see in full],Buceo 95
Alexand [Upgrade to see in full],You hav [Upgrade to see in full],2/8/201 [Upgrade to see in full],4.0 sta [Upgrade to see in full],Buceo 95
Mike S.,Excelle [Upgrade to see in full],9/2/201 [Upgrade to see in full],4.0 sta [Upgrade to see in full],Buceo 95
Ellen S [Upgrade to see in full],Loved t [Upgrade to see in full],9/1/201 [Upgrade to see in full],4.0 sta [Upgrade to see in full],Buceo 95
Matthew [Upgrade to see in full],Went th [Upgrade to see in full],4/18/20 [Upgrade to see in full],4.0 sta [Upgrade to see in full],Buceo 95
Jaye V.,Food -  [Upgrade to see in full],12/25/2 [Upgrade to see in full],4.0 sta [Upgrade to see in full],Buceo 95
Jiggly  [Upgrade to see in full],Fabulou [Upgrade to see in full],5/16/20 [Upgrade to see in full],5.0 sta [Upgrade to see in full],Buceo 95
S. P.,Outstan [Upgrade to see in full],11/30/2 [Upgrade to see in full],4.0 sta [Upgrade to see in full],Buceo 95
Manny H [Upgrade to see in full],While l [Upgrade to see in full],11/30/2 [Upgrade to see in full],5.0 sta [Upgrade to see in full],Buceo 95
Patrick [Upgrade to see in full],one of  [Upgrade to see in full],8/19/20 [Upgrade to see in full],5.0 sta [Upgrade to see in full],Buceo 95
valerie [Upgrade to see in full],Amazing [Upgrade to see in full],10/1/20 [Upgrade to see in full],5.0 sta [Upgrade to see in full],Buceo 95
Elle M.,My boyf [Upgrade to see in full],5/2/201 [Upgrade to see in full],4.0 sta [Upgrade to see in full],Buceo 95
Nerissa [Upgrade to see in full],Yuck yu [Upgrade to see in full],9/23/20 [Upgrade to see in full],1.0 sta [Upgrade to see in full],Buceo 95
Daniel  [Upgrade to see in full],3.5.Goo [Upgrade to see in full],2/14/20 [Upgrade to see in full],4.0 sta [Upgrade to see in full],Buceo 95
Daniel  [Upgrade to see in full],This pl [Upgrade to see in full],12/5/20 [Upgrade to see in full],4.0 sta [Upgrade to see in full],Buceo 95
Jill L.,I stopp [Upgrade to see in full],5/28/20 [Upgrade to see in full],3.0 sta [Upgrade to see in full],Buceo 95
A Z.,Nice at [Upgrade to see in full],5/27/20 [Upgrade to see in full],2.0 sta [Upgrade to see in full],Buceo 95
Susan S [Upgrade to see in full],Its bee [Upgrade to see in full],7/31/20 [Upgrade to see in full],5.0 sta [Upgrade to see in full],Buceo 95
Monica  [Upgrade to see in full],Came he [Upgrade to see in full],11/5/20 [Upgrade to see in full],3.0 sta [Upgrade to see in full],Buceo 95
Morgan  [Upgrade to see in full],Had to  [Upgrade to see in full],12/3/20 [Upgrade to see in full],1.0 sta [Upgrade to see in full],Buceo 95
Jeffrey [Upgrade to see in full],A solid [Upgrade to see in full],9/9/201 [Upgrade to see in full],4.0 sta [Upgrade to see in full],Buceo 95
Steve M [Upgrade to see in full],Delicio [Upgrade to see in full],2/18/20 [Upgrade to see in full],4.0 sta [Upgrade to see in full],Buceo 95
Markay  [Upgrade to see in full],What a  [Upgrade to see in full],2/9/201 [Upgrade to see in full],4.0 sta [Upgrade to see in full],Buceo 95
David F [Upgrade to see in full],Good wi [Upgrade to see in full],11/29/2 [Upgrade to see in full],4.0 sta [Upgrade to see in full],Buceo 95
Jen G.,See Jen [Upgrade to see in full],8/19/20 [Upgrade to see in full],4.0 sta [Upgrade to see in full],Buceo 95
Betty W [Upgrade to see in full],GET THE [Upgrade to see in full],6/6/201 [Upgrade to see in full],5.0 sta [Upgrade to see in full],Buceo 95
Kristen [Upgrade to see in full],We stop [Upgrade to see in full],12/16/2 [Upgrade to see in full],5.0 sta [Upgrade to see in full],Buceo 95
Laura K [Upgrade to see in full],we went [Upgrade to see in full],1/31/20 [Upgrade to see in full],4.0 sta [Upgrade to see in full],Buceo 95
Paul G.,Yelp yo [Upgrade to see in full],9/10/20 [Upgrade to see in full],4.0 sta [Upgrade to see in full],Buceo 95
Cydnee  [Upgrade to see in full],I came  [Upgrade to see in full],5/12/20 [Upgrade to see in full],4.0 sta [Upgrade to see in full],Buceo 95
Glenn C [Upgrade to see in full],True sp [Upgrade to see in full],9/15/20 [Upgrade to see in full],4.0 sta [Upgrade to see in full],Buceo 95
Sara T.,Went he [Upgrade to see in full],2/20/20 [Upgrade to see in full],4.0 sta [Upgrade to see in full],Buceo 95
Melinda [Upgrade to see in full],Wonderf [Upgrade to see in full],1/15/20 [Upgrade to see in full],5.0 sta [Upgrade to see in full],Buceo 95
Veen H.,One of  [Upgrade to see in full],3/2/201 [Upgrade to see in full],4.0 sta [Upgrade to see in full],Buceo 95
Scott T [Upgrade to see in full],Love th [Upgrade to see in full],12/20/2 [Upgrade to see in full],5.0 sta [Upgrade to see in full],Buceo 95
Chris P [Upgrade to see in full],Super l [Upgrade to see in full],10/20/2 [Upgrade to see in full],4.0 sta [Upgrade to see in full],Buceo 95
Caren K [Upgrade to see in full],Second  [Upgrade to see in full],7/3/201 [Upgrade to see in full],5.0 sta [Upgrade to see in full],Buceo 95
Jennife [Upgrade to see in full],This pl [Upgrade to see in full],1/14/20 [Upgrade to see in full],4.0 sta [Upgrade to see in full],Buceo 95
Kate H.,FUN pla [Upgrade to see in full],10/21/2 [Upgrade to see in full],4.0 sta [Upgrade to see in full],Buceo 95
G L.,Terribl [Upgrade to see in full],10/23/2 [Upgrade to see in full],2.0 sta [Upgrade to see in full],Buceo 95
Vanessa [Upgrade to see in full],Very go [Upgrade to see in full],2/14/20 [Upgrade to see in full],4.0 sta [Upgrade to see in full],Buceo 95
Deana S [Upgrade to see in full],I was l [Upgrade to see in full],1/6/200 [Upgrade to see in full],4.0 sta [Upgrade to see in full],Buceo 95
Mike B.,Went la [Upgrade to see in full],9/26/20 [Upgrade to see in full],4.0 sta [Upgrade to see in full],Buceo 95
Shawn F [Upgrade to see in full],This is [Upgrade to see in full],3/18/20 [Upgrade to see in full],5.0 sta [Upgrade to see in full],Buceo 95
Kristen [Upgrade to see in full],Buceo i [Upgrade to see in full],11/26/2 [Upgrade to see in full],5.0 sta [Upgrade to see in full],Buceo 95
molly a [Upgrade to see in full],Just wh [Upgrade to see in full],5/29/20 [Upgrade to see in full],5.0 sta [Upgrade to see in full],Buceo 95
Antonia [Upgrade to see in full],Big fan [Upgrade to see in full],8/8/201 [Upgrade to see in full],5.0 sta [Upgrade to see in full],Buceo 95
Andrea  [Upgrade to see in full],Anyone  [Upgrade to see in full],12/9/20 [Upgrade to see in full],5.0 sta [Upgrade to see in full],Buceo 95
Annina  [Upgrade to see in full],This pl [Upgrade to see in full],5/2/201 [Upgrade to see in full],5.0 sta [Upgrade to see in full],Buceo 95
Taylor  [Upgrade to see in full],Having  [Upgrade to see in full],7/20/20 [Upgrade to see in full],4.0 sta [Upgrade to see in full],Buceo 95
Amanda  [Upgrade to see in full],This pl [Upgrade to see in full],2/23/20 [Upgrade to see in full],5.0 sta [Upgrade to see in full],Buceo 95
Nyclife [Upgrade to see in full],We have [Upgrade to see in full],4/28/20 [Upgrade to see in full],5.0 sta [Upgrade to see in full],Buceo 95
Amy M.,What a  [Upgrade to see in full],12/2/20 [Upgrade to see in full],4.0 sta [Upgrade to see in full],Buceo 95
Port D.,Nice wi [Upgrade to see in full],9/3/201 [Upgrade to see in full],5.0 sta [Upgrade to see in full],Buceo 95
KC K.,The Upp [Upgrade to see in full],1/18/20 [Upgrade to see in full],5.0 sta [Upgrade to see in full],Buceo 95
Lauren  [Upgrade to see in full],My husb [Upgrade to see in full],9/1/200 [Upgrade to see in full],4.0 sta [Upgrade to see in full],Buceo 95
Stan P.,Came he [Upgrade to see in full],4/30/20 [Upgrade to see in full],3.0 sta [Upgrade to see in full],Buceo 95
Suzanne [Upgrade to see in full],I have  [Upgrade to see in full],9/30/20 [Upgrade to see in full],4.0 sta [Upgrade to see in full],Buceo 95
Suzanne [Upgrade to see in full],My part [Upgrade to see in full],9/3/201 [Upgrade to see in full],5.0 sta [Upgrade to see in full],Buceo 95
Joni K.,This pl [Upgrade to see in full],9/26/20 [Upgrade to see in full],4.0 sta [Upgrade to see in full],Buceo 95
Charles [Upgrade to see in full],No need [Upgrade to see in full],11/11/2 [Upgrade to see in full],4.0 sta [Upgrade to see in full],Buceo 95
Deborah [Upgrade to see in full],Friendl [Upgrade to see in full],8/25/20 [Upgrade to see in full],4.0 sta [Upgrade to see in full],Buceo 95
Alex G.,Excelle [Upgrade to see in full],8/24/20 [Upgrade to see in full],5.0 sta [Upgrade to see in full],Buceo 95
Lorrie  [Upgrade to see in full],This pl [Upgrade to see in full],5/24/20 [Upgrade to see in full],5.0 sta [Upgrade to see in full],Buceo 95
david G [Upgrade to see in full],Such a  [Upgrade to see in full],6/2/201 [Upgrade to see in full],4.0 sta [Upgrade to see in full],Buceo 95
S H.,The per [Upgrade to see in full],1/6/200 [Upgrade to see in full],5.0 sta [Upgrade to see in full],Buceo 95
Nitza W [Upgrade to see in full],Buceo i [Upgrade to see in full],12/17/2 [Upgrade to see in full],5.0 sta [Upgrade to see in full],Buceo 95
Paulett [Upgrade to see in full],I went  [Upgrade to see in full],7/16/20 [Upgrade to see in full],5.0 sta [Upgrade to see in full],Buceo 95
Sal C.,woo.  h [Upgrade to see in full],2/4/200 [Upgrade to see in full],5.0 sta [Upgrade to see in full],Buceo 95
Barbara [Upgrade to see in full],Our gro [Upgrade to see in full],5/8/201 [Upgrade to see in full],4.0 sta [Upgrade to see in full],Buceo 95
Debra R [Upgrade to see in full],Great w [Upgrade to see in full],4/11/20 [Upgrade to see in full],5.0 sta [Upgrade to see in full],Buceo 95
John D.,Much hy [Upgrade to see in full],11/7/20 [Upgrade to see in full],1.0 sta [Upgrade to see in full],Buceo 95
Kwik E.,This is [Upgrade to see in full],8/17/20 [Upgrade to see in full],5.0 sta [Upgrade to see in full],Buceo 95
Erik K.,Another [Upgrade to see in full],8/8/200 [Upgrade to see in full],4.0 sta [Upgrade to see in full],Buceo 95
A H.,"Wow, I  [Upgrade to see in full]",1/6/200 [Upgrade to see in full],4.0 sta [Upgrade to see in full],Buceo 95
Big C.,I have  [Upgrade to see in full],11/6/20 [Upgrade to see in full],1.0 sta [Upgrade to see in full],Buceo 95
Myr J.,Buceo i [Upgrade to see in full],3/23/20 [Upgrade to see in full],5.0 sta [Upgrade to see in full],Buceo 95
Leslie  [Upgrade to see in full],Love th [Upgrade to see in full],3/5/200 [Upgrade to see in full],5.0 sta [Upgrade to see in full],Buceo 95
Viola K [Upgrade to see in full],This is [Upgrade to see in full],11/25/2 [Upgrade to see in full],5.0 sta [Upgrade to see in full],Buceo 95
Catheri [Upgrade to see in full],Great s [Upgrade to see in full],11/21/2 [Upgrade to see in full],4.0 sta [Upgrade to see in full],Buceo 95
Taryn H [Upgrade to see in full],i love  [Upgrade to see in full],8/12/20 [Upgrade to see in full],4.0 sta [Upgrade to see in full],Buceo 95
Trace V [Upgrade to see in full],Came in [Upgrade to see in full],10/26/2 [Upgrade to see in full],4.0 sta [Upgrade to see in full],Buceo 95
Cyrus P [Upgrade to see in full],"Cozy, l [Upgrade to see in full]",11/21/2 [Upgrade to see in full],3.0 sta [Upgrade to see in full],Buceo 95
Izabell [Upgrade to see in full],Frankly [Upgrade to see in full],7/30/20 [Upgrade to see in full],3.0 sta [Upgrade to see in full],Buceo 95
Rohit M [Upgrade to see in full],Incredi [Upgrade to see in full],12/1/20 [Upgrade to see in full],2.0 sta [Upgrade to see in full],Buceo 95
Rich V.,Super c [Upgrade to see in full],12/3/20 [Upgrade to see in full],4.0 sta [Upgrade to see in full],Buceo 95
Paula G [Upgrade to see in full],I've di [Upgrade to see in full],10/10/2 [Upgrade to see in full],5.0 sta [Upgrade to see in full],Buceo 95
G M.,Fantast [Upgrade to see in full],7/30/20 [Upgrade to see in full],5.0 sta [Upgrade to see in full],Buceo 95
Kevin L [Upgrade to see in full],Having  [Upgrade to see in full],9/5/201 [Upgrade to see in full],5.0 sta [Upgrade to see in full],Buceo 95
Jennie  [Upgrade to see in full],The res [Upgrade to see in full],4/6/201 [Upgrade to see in full],3.0 sta [Upgrade to see in full],Buceo 95
Jessica [Upgrade to see in full],great t [Upgrade to see in full],3/13/20 [Upgrade to see in full],3.0 sta [Upgrade to see in full],Buceo 95
Duke M.,Even th [Upgrade to see in full],6/17/20 [Upgrade to see in full],3.0 sta [Upgrade to see in full],Buceo 95
Ed W.,It's pr [Upgrade to see in full],8/9/201 [Upgrade to see in full],5.0 sta [Upgrade to see in full],Buceo 95
Jodi R.,Went fo [Upgrade to see in full],7/25/20 [Upgrade to see in full],4.0 sta [Upgrade to see in full],Buceo 95
Brigid  [Upgrade to see in full],Stopped [Upgrade to see in full],3/30/20 [Upgrade to see in full],4.0 sta [Upgrade to see in full],Buceo 95
Alex H.,Yum! Ju [Upgrade to see in full],6/26/20 [Upgrade to see in full],4.0 sta [Upgrade to see in full],Buceo 95
Jay K.,a lovel [Upgrade to see in full],9/19/20 [Upgrade to see in full],4.0 sta [Upgrade to see in full],Buceo 95
Sameera [Upgrade to see in full],DELICIO [Upgrade to see in full],3/29/20 [Upgrade to see in full],4.0 sta [Upgrade to see in full],Buceo 95
Richard [Upgrade to see in full],My wife [Upgrade to see in full],5/18/20 [Upgrade to see in full],5.0 sta [Upgrade to see in full],Buceo 95
Missy S [Upgrade to see in full],Solid t [Upgrade to see in full],4/16/20 [Upgrade to see in full],4.0 sta [Upgrade to see in full],Buceo 95
Nick A.,Sangria [Upgrade to see in full],8/9/201 [Upgrade to see in full],2.0 sta [Upgrade to see in full],Buceo 95
Shaun K [Upgrade to see in full],Great s [Upgrade to see in full],12/7/20 [Upgrade to see in full],5.0 sta [Upgrade to see in full],Buceo 95
Alex H.,Good se [Upgrade to see in full],2/26/20 [Upgrade to see in full],5.0 sta [Upgrade to see in full],Buceo 95
Alan C.,i'm alw [Upgrade to see in full],4/29/20 [Upgrade to see in full],5.0 sta [Upgrade to see in full],Buceo 95
Erika E [Upgrade to see in full],Excelle [Upgrade to see in full],10/16/2 [Upgrade to see in full],4.0 sta [Upgrade to see in full],Buceo 95
Diana M [Upgrade to see in full],The sma [Upgrade to see in full],9/5/201 [Upgrade to see in full],4.0 sta [Upgrade to see in full],Buceo 95
Molly T [Upgrade to see in full],The Upp [Upgrade to see in full],3/17/20 [Upgrade to see in full],4.0 sta [Upgrade to see in full],Buceo 95
Pete M.,Been ba [Upgrade to see in full],3/3/201 [Upgrade to see in full],4.0 sta [Upgrade to see in full],Buceo 95
Mallory [Upgrade to see in full],Bleh. U [Upgrade to see in full],5/23/20 [Upgrade to see in full],1.0 sta [Upgrade to see in full],Buceo 95
Suzana  [Upgrade to see in full],Small w [Upgrade to see in full],9/16/20 [Upgrade to see in full],4.0 sta [Upgrade to see in full],Buceo 95
Cassand [Upgrade to see in full],Love th [Upgrade to see in full],6/5/201 [Upgrade to see in full],5.0 sta [Upgrade to see in full],Buceo 95
Lauren  [Upgrade to see in full],Recentl [Upgrade to see in full],10/25/2 [Upgrade to see in full],1.0 sta [Upgrade to see in full],Buceo 95
R B.,The foo [Upgrade to see in full],4/6/201 [Upgrade to see in full],1.0 sta [Upgrade to see in full],Buceo 95
Maeve M [Upgrade to see in full],So happ [Upgrade to see in full],12/26/2 [Upgrade to see in full],4.0 sta [Upgrade to see in full],Buceo 95
Nish S.,Cozy am [Upgrade to see in full],8/30/20 [Upgrade to see in full],4.0 sta [Upgrade to see in full],Buceo 95
Paul Z.,We had  [Upgrade to see in full],12/12/2 [Upgrade to see in full],4.0 sta [Upgrade to see in full],Buceo 95
Amala R [Upgrade to see in full],I truly [Upgrade to see in full],5/28/20 [Upgrade to see in full],1.0 sta [Upgrade to see in full],Buceo 95
Kristin [Upgrade to see in full],Had a d [Upgrade to see in full],6/9/201 [Upgrade to see in full],4.0 sta [Upgrade to see in full],Buceo 95
Tonya H [Upgrade to see in full],This is [Upgrade to see in full],2/12/20 [Upgrade to see in full],4.0 sta [Upgrade to see in full],Buceo 95
Johnny  [Upgrade to see in full],Great a [Upgrade to see in full],12/9/20 [Upgrade to see in full],4.0 sta [Upgrade to see in full],Buceo 95
Julie T [Upgrade to see in full],Came to [Upgrade to see in full],10/24/2 [Upgrade to see in full],4.0 sta [Upgrade to see in full],Buceo 95
Sara M.,We trie [Upgrade to see in full],3/5/201 [Upgrade to see in full],5.0 sta [Upgrade to see in full],Buceo 95
Johanna [Upgrade to see in full],We were [Upgrade to see in full],4/9/201 [Upgrade to see in full],1.0 sta [Upgrade to see in full],Buceo 95
Sally B [Upgrade to see in full],Love!   [Upgrade to see in full],8/14/20 [Upgrade to see in full],5.0 sta [Upgrade to see in full],Buceo 95
Jumpin  [Upgrade to see in full],I just  [Upgrade to see in full],8/27/20 [Upgrade to see in full],3.0 sta [Upgrade to see in full],Buceo 95
Ana S.,Between [Upgrade to see in full],5/31/20 [Upgrade to see in full],5.0 sta [Upgrade to see in full],Buceo 95
Mariani [Upgrade to see in full],This re [Upgrade to see in full],7/12/20 [Upgrade to see in full],5.0 sta [Upgrade to see in full],Buceo 95
Zaybe V [Upgrade to see in full],Good li [Upgrade to see in full],9/8/201 [Upgrade to see in full],4.0 sta [Upgrade to see in full],Buceo 95
Jillian [Upgrade to see in full],Great p [Upgrade to see in full],12/23/2 [Upgrade to see in full],4.0 sta [Upgrade to see in full],Buceo 95
Dave F.,The goo [Upgrade to see in full],1/6/201 [Upgrade to see in full],3.0 sta [Upgrade to see in full],Buceo 95
Mignon  [Upgrade to see in full],Absolut [Upgrade to see in full],5/28/20 [Upgrade to see in full],5.0 sta [Upgrade to see in full],Buceo 95
Torry C [Upgrade to see in full],Stumble [Upgrade to see in full],9/21/20 [Upgrade to see in full],5.0 sta [Upgrade to see in full],Buceo 95
Kristen [Upgrade to see in full],The BES [Upgrade to see in full],4/3/201 [Upgrade to see in full],4.0 sta [Upgrade to see in full],Buceo 95
Daniel  [Upgrade to see in full],Buceo95 [Upgrade to see in full],5/21/20 [Upgrade to see in full],4.0 sta [Upgrade to see in full],Buceo 95
Kay J.,Heard g [Upgrade to see in full],3/18/20 [Upgrade to see in full],5.0 sta [Upgrade to see in full],Buceo 95
Anna L.,I can l [Upgrade to see in full],4/30/20 [Upgrade to see in full],4.0 sta [Upgrade to see in full],Buceo 95
John H.,We love [Upgrade to see in full],7/9/201 [Upgrade to see in full],4.0 sta [Upgrade to see in full],Buceo 95
Maly A.,A cute  [Upgrade to see in full],7/19/20 [Upgrade to see in full],3.0 sta [Upgrade to see in full],Buceo 95
felicia [Upgrade to see in full],My frie [Upgrade to see in full],1/30/20 [Upgrade to see in full],4.0 sta [Upgrade to see in full],Buceo 95
Maki M.,The ser [Upgrade to see in full],8/12/20 [Upgrade to see in full],4.0 sta [Upgrade to see in full],Buceo 95
Dennis  [Upgrade to see in full],What a  [Upgrade to see in full],12/10/2 [Upgrade to see in full],5.0 sta [Upgrade to see in full],Buceo 95
Irene K [Upgrade to see in full],Let me  [Upgrade to see in full],4/30/20 [Upgrade to see in full],5.0 sta [Upgrade to see in full],Buceo 95
Jeff O.,The goo [Upgrade to see in full],12/23/2 [Upgrade to see in full],3.0 sta [Upgrade to see in full],Buceo 95
Fernand [Upgrade to see in full],Worst m [Upgrade to see in full],8/14/20 [Upgrade to see in full],1.0 sta [Upgrade to see in full],Buceo 95
Mark S.,I went  [Upgrade to see in full],7/1/201 [Upgrade to see in full],5.0 sta [Upgrade to see in full],Buceo 95
Mady J.,We orde [Upgrade to see in full],7/29/20 [Upgrade to see in full],4.0 sta [Upgrade to see in full],Buceo 95
Galit T [Upgrade to see in full],I used  [Upgrade to see in full],8/28/20 [Upgrade to see in full],5.0 sta [Upgrade to see in full],Buceo 95
Jess L.,I've be [Upgrade to see in full],12/28/2 [Upgrade to see in full],4.0 sta [Upgrade to see in full],Buceo 95
Alex D.,Went la [Upgrade to see in full],7/9/201 [Upgrade to see in full],4.0 sta [Upgrade to see in full],Buceo 95
Dione D [Upgrade to see in full],Came he [Upgrade to see in full],1/28/20 [Upgrade to see in full],3.0 sta [Upgrade to see in full],Buceo 95
Genie M [Upgrade to see in full],Wow. Wh [Upgrade to see in full],6/29/20 [Upgrade to see in full],5.0 sta [Upgrade to see in full],Buceo 95
Alena S [Upgrade to see in full],Delicio [Upgrade to see in full],3/11/20 [Upgrade to see in full],5.0 sta [Upgrade to see in full],Buceo 95
Xavier  [Upgrade to see in full],HAIR IN [Upgrade to see in full],4/21/20 [Upgrade to see in full],1.0 sta [Upgrade to see in full],Buceo 95
Sherry  [Upgrade to see in full],"A nice, [Upgrade to see in full]",1/20/20 [Upgrade to see in full],4.0 sta [Upgrade to see in full],Buceo 95
Bryan H [Upgrade to see in full],Good wi [Upgrade to see in full],10/18/2 [Upgrade to see in full],4.0 sta [Upgrade to see in full],Buceo 95
Sarah R [Upgrade to see in full],I went  [Upgrade to see in full],1/6/201 [Upgrade to see in full],4.0 sta [Upgrade to see in full],Buceo 95
Willie  [Upgrade to see in full],Small p [Upgrade to see in full],3/11/20 [Upgrade to see in full],2.0 sta [Upgrade to see in full],Buceo 95
Peggy R [Upgrade to see in full],I had d [Upgrade to see in full],9/30/20 [Upgrade to see in full],5.0 sta [Upgrade to see in full],Buceo 95
Ronda M [Upgrade to see in full],After a [Upgrade to see in full],11/26/2 [Upgrade to see in full],4.0 sta [Upgrade to see in full],Buceo 95
Kara M.,I used  [Upgrade to see in full],12/10/2 [Upgrade to see in full],1.0 sta [Upgrade to see in full],Buceo 95
B And B [Upgrade to see in full],Lovely  [Upgrade to see in full],6/16/20 [Upgrade to see in full],3.0 sta [Upgrade to see in full],Buceo 95
Dave C.,I booke [Upgrade to see in full],4/16/20 [Upgrade to see in full],3.0 sta [Upgrade to see in full],Buceo 95
Mary S.,Good am [Upgrade to see in full],3/5/201 [Upgrade to see in full],3.0 sta [Upgrade to see in full],Buceo 95
James W [Upgrade to see in full],Called  [Upgrade to see in full],8/14/20 [Upgrade to see in full],5.0 sta [Upgrade to see in full],Buceo 95
rachel  [Upgrade to see in full],This wa [Upgrade to see in full],6/26/20 [Upgrade to see in full],5.0 sta [Upgrade to see in full],Buceo 95
S P.,Great f [Upgrade to see in full],4/28/20 [Upgrade to see in full],5.0 sta [Upgrade to see in full],Buceo 95
Emily C [Upgrade to see in full],Buceo 9 [Upgrade to see in full],10/24/2 [Upgrade to see in full],5.0 sta [Upgrade to see in full],Buceo 95
Melissa [Upgrade to see in full],My husb [Upgrade to see in full],4/17/20 [Upgrade to see in full],5.0 sta [Upgrade to see in full],Buceo 95
Paul M.,Great f [Upgrade to see in full],10/3/20 [Upgrade to see in full],5.0 sta [Upgrade to see in full],Buceo 95
George  [Upgrade to see in full],This pl [Upgrade to see in full],6/24/20 [Upgrade to see in full],3.0 sta [Upgrade to see in full],Buceo 95
Lola P.,Went th [Upgrade to see in full],11/2/20 [Upgrade to see in full],1.0 sta [Upgrade to see in full],Buceo 95
Stephan [Upgrade to see in full],After e [Upgrade to see in full],12/20/2 [Upgrade to see in full],3.0 sta [Upgrade to see in full],Buceo 95
Mary B.,This pl [Upgrade to see in full],9/18/20 [Upgrade to see in full],4.0 sta [Upgrade to see in full],Buceo 95
Rodney  [Upgrade to see in full],Living  [Upgrade to see in full],2/11/20 [Upgrade to see in full],5.0 sta [Upgrade to see in full],Buceo 95
Emma S.,I bring [Upgrade to see in full],10/20/2 [Upgrade to see in full],5.0 sta [Upgrade to see in full],Buceo 95
Peter K [Upgrade to see in full],Pretty  [Upgrade to see in full],7/21/20 [Upgrade to see in full],3.0 sta [Upgrade to see in full],Buceo 95
Sue F.,Like ma [Upgrade to see in full],1/11/20 [Upgrade to see in full],3.0 sta [Upgrade to see in full],Buceo 95
Elizabe [Upgrade to see in full],A note: [Upgrade to see in full],11/3/20 [Upgrade to see in full],3.0 sta [Upgrade to see in full],Buceo 95
C F.,We enjo [Upgrade to see in full],12/28/2 [Upgrade to see in full],5.0 sta [Upgrade to see in full],Buceo 95
Harper  [Upgrade to see in full],This wa [Upgrade to see in full],6/19/20 [Upgrade to see in full],5.0 sta [Upgrade to see in full],Buceo 95
Stephan [Upgrade to see in full],Hate gi [Upgrade to see in full],11/21/2 [Upgrade to see in full],5.0 sta [Upgrade to see in full],Buceo 95
Hersh H [Upgrade to see in full],This pl [Upgrade to see in full],11/25/2 [Upgrade to see in full],4.0 sta [Upgrade to see in full],Buceo 95
David L [Upgrade to see in full],Update: [Upgrade to see in full],12/10/2 [Upgrade to see in full],3.0 sta [Upgrade to see in full],Buceo 95
Allis P [Upgrade to see in full],"Wow, de [Upgrade to see in full]",3/8/201 [Upgrade to see in full],5.0 sta [Upgrade to see in full],Buceo 95
J. B.,I grew  [Upgrade to see in full],3/20/20 [Upgrade to see in full],3.0 sta [Upgrade to see in full],Buceo 95
Rob T.,great p [Upgrade to see in full],8/1/201 [Upgrade to see in full],4.0 sta [Upgrade to see in full],Buceo 95
Joseph  [Upgrade to see in full],Great T [Upgrade to see in full],3/1/201 [Upgrade to see in full],5.0 sta [Upgrade to see in full],Buceo 95
Josie V [Upgrade to see in full],I met m [Upgrade to see in full],4/30/20 [Upgrade to see in full],4.0 sta [Upgrade to see in full],Buceo 95
Joanne  [Upgrade to see in full],"Cozy, r [Upgrade to see in full]",11/14/2 [Upgrade to see in full],4.0 sta [Upgrade to see in full],Buceo 95
Nick N.,One way [Upgrade to see in full],12/20/2 [Upgrade to see in full],5.0 sta [Upgrade to see in full],Buceo 95
Amanda  [Upgrade to see in full],I've li [Upgrade to see in full],11/17/2 [Upgrade to see in full],5.0 sta [Upgrade to see in full],Buceo 95
Meghan  [Upgrade to see in full],Great p [Upgrade to see in full],8/1/201 [Upgrade to see in full],3.0 sta [Upgrade to see in full],Buceo 95
Tiffany [Upgrade to see in full],Eh...it [Upgrade to see in full],8/27/20 [Upgrade to see in full],2.0 sta [Upgrade to see in full],Buceo 95
Rebecca [Upgrade to see in full],This pl [Upgrade to see in full],6/3/201 [Upgrade to see in full],5.0 sta [Upgrade to see in full],Buceo 95
Jessica [Upgrade to see in full],Unbelie [Upgrade to see in full],6/30/20 [Upgrade to see in full],4.0 sta [Upgrade to see in full],Buceo 95
Rachel  [Upgrade to see in full],Great w [Upgrade to see in full],9/5/201 [Upgrade to see in full],4.0 sta [Upgrade to see in full],Buceo 95
Lynn D.,Had a d [Upgrade to see in full],12/10/2 [Upgrade to see in full],4.0 sta [Upgrade to see in full],Buceo 95
Mark H.,I've ea [Upgrade to see in full],7/28/20 [Upgrade to see in full],3.0 sta [Upgrade to see in full],Buceo 95
John C.,Great p [Upgrade to see in full],11/24/2 [Upgrade to see in full],5.0 sta [Upgrade to see in full],Buceo 95
Jen G.,Delicio [Upgrade to see in full],2/3/201 [Upgrade to see in full],5.0 sta [Upgrade to see in full],Buceo 95
Marjori [Upgrade to see in full],Anniver [Upgrade to see in full],12/17/2 [Upgrade to see in full],4.0 sta [Upgrade to see in full],Buceo 95
Dan G.,Excelle [Upgrade to see in full],8/13/20 [Upgrade to see in full],4.0 sta [Upgrade to see in full],Buceo 95
Ana M.,1 word- [Upgrade to see in full],5/20/20 [Upgrade to see in full],5.0 sta [Upgrade to see in full],Buceo 95
renje g [Upgrade to see in full],Great l [Upgrade to see in full],11/11/2 [Upgrade to see in full],4.0 sta [Upgrade to see in full],Buceo 95
Tarra T [Upgrade to see in full],Okay ok [Upgrade to see in full],1/28/20 [Upgrade to see in full],5.0 sta [Upgrade to see in full],Buceo 95
Deborah [Upgrade to see in full],"Very, v [Upgrade to see in full]",7/12/20 [Upgrade to see in full],4.0 sta [Upgrade to see in full],Buceo 95
Hibah K [Upgrade to see in full],Five st [Upgrade to see in full],4/1/201 [Upgrade to see in full],3.0 sta [Upgrade to see in full],Buceo 95
Jenny S [Upgrade to see in full],I live  [Upgrade to see in full],1/19/20 [Upgrade to see in full],4.0 sta [Upgrade to see in full],Buceo 95
Maria P [Upgrade to see in full],The win [Upgrade to see in full],3/1/201 [Upgrade to see in full],4.0 sta [Upgrade to see in full],Buceo 95
Carolin [Upgrade to see in full],Absolut [Upgrade to see in full],12/16/2 [Upgrade to see in full],5.0 sta [Upgrade to see in full],Buceo 95
Jeff S.,Happene [Upgrade to see in full],11/3/20 [Upgrade to see in full],4.0 sta [Upgrade to see in full],Buceo 95
Carol W [Upgrade to see in full],My frie [Upgrade to see in full],9/30/20 [Upgrade to see in full],4.0 sta [Upgrade to see in full],Buceo 95
Susan M [Upgrade to see in full],"Wow, EV [Upgrade to see in full]",7/5/201 [Upgrade to see in full],5.0 sta [Upgrade to see in full],Buceo 95
Seahee  [Upgrade to see in full],I love  [Upgrade to see in full],3/29/20 [Upgrade to see in full],4.0 sta [Upgrade to see in full],Buceo 95
Jennife [Upgrade to see in full],An OK t [Upgrade to see in full],10/20/2 [Upgrade to see in full],2.0 sta [Upgrade to see in full],Buceo 95
Anthony [Upgrade to see in full],Ummm... [Upgrade to see in full],1/18/20 [Upgrade to see in full],5.0 sta [Upgrade to see in full],Buceo 95
Rich B.,There a [Upgrade to see in full],10/23/2 [Upgrade to see in full],5.0 sta [Upgrade to see in full],Buceo 95
William [Upgrade to see in full],There a [Upgrade to see in full],10/11/2 [Upgrade to see in full],5.0 sta [Upgrade to see in full],Buceo 95
Jennife [Upgrade to see in full],Been he [Upgrade to see in full],12/11/2 [Upgrade to see in full],4.0 sta [Upgrade to see in full],Buceo 95
Nancy L [Upgrade to see in full],The pic [Upgrade to see in full],1/12/20 [Upgrade to see in full],5.0 sta [Upgrade to see in full],Buceo 95
Maegan  [Upgrade to see in full],Life th [Upgrade to see in full],7/10/20 [Upgrade to see in full],5.0 sta [Upgrade to see in full],Buceo 95
Lauren  [Upgrade to see in full],Great a [Upgrade to see in full],9/9/201 [Upgrade to see in full],4.0 sta [Upgrade to see in full],Buceo 95
Duncan  [Upgrade to see in full],Good ta [Upgrade to see in full],7/30/20 [Upgrade to see in full],3.0 sta [Upgrade to see in full],Buceo 95
Himansh [Upgrade to see in full],Nice se [Upgrade to see in full],8/21/20 [Upgrade to see in full],4.0 sta [Upgrade to see in full],Buceo 95
Koen B.,This re [Upgrade to see in full],11/9/20 [Upgrade to see in full],4.0 sta [Upgrade to see in full],Buceo 95
Anthony [Upgrade to see in full],Great t [Upgrade to see in full],6/16/20 [Upgrade to see in full],5.0 sta [Upgrade to see in full],Buceo 95
Ari B.,Buceo h [Upgrade to see in full],7/15/20 [Upgrade to see in full],4.0 sta [Upgrade to see in full],Buceo 95
Nicole  [Upgrade to see in full],Would g [Upgrade to see in full],11/29/2 [Upgrade to see in full],4.0 sta [Upgrade to see in full],Buceo 95
Christi [Upgrade to see in full],Buceo 9 [Upgrade to see in full],3/23/20 [Upgrade to see in full],4.0 sta [Upgrade to see in full],Buceo 95
Marco S [Upgrade to see in full],Delicio [Upgrade to see in full],5/30/20 [Upgrade to see in full],4.0 sta [Upgrade to see in full],Buceo 95
Mimster [Upgrade to see in full],the bar [Upgrade to see in full],3/4/201 [Upgrade to see in full],4.0 sta [Upgrade to see in full],Buceo 95
Rainyda [Upgrade to see in full],Really  [Upgrade to see in full],5/20/20 [Upgrade to see in full],5.0 sta [Upgrade to see in full],Buceo 95
Basia W [Upgrade to see in full],Still b [Upgrade to see in full],3/10/20 [Upgrade to see in full],5.0 sta [Upgrade to see in full],Buceo 95
Amy W.,I've be [Upgrade to see in full],8/27/20 [Upgrade to see in full],4.0 sta [Upgrade to see in full],Buceo 95
Michael [Upgrade to see in full],This pl [Upgrade to see in full],6/6/201 [Upgrade to see in full],5.0 sta [Upgrade to see in full],Buceo 95
Jennife [Upgrade to see in full],This ha [Upgrade to see in full],1/25/20 [Upgrade to see in full],5.0 sta [Upgrade to see in full],Buceo 95
Vanita  [Upgrade to see in full],Perfect [Upgrade to see in full],3/10/20 [Upgrade to see in full],4.0 sta [Upgrade to see in full],Buceo 95
Julien  [Upgrade to see in full],I'll ad [Upgrade to see in full],4/12/20 [Upgrade to see in full],5.0 sta [Upgrade to see in full],Buceo 95
Heidi C [Upgrade to see in full],16 plat [Upgrade to see in full],3/21/20 [Upgrade to see in full],5.0 sta [Upgrade to see in full],Buceo 95
Laura L [Upgrade to see in full],The goa [Upgrade to see in full],3/12/20 [Upgrade to see in full],3.0 sta [Upgrade to see in full],Buceo 95
Meghan  [Upgrade to see in full],Once up [Upgrade to see in full],7/2/201 [Upgrade to see in full],2.0 sta [Upgrade to see in full],Buceo 95
K G.,Wonderf [Upgrade to see in full],10/25/2 [Upgrade to see in full],5.0 sta [Upgrade to see in full],Buceo 95
Kaylee  [Upgrade to see in full],My favo [Upgrade to see in full],4/27/20 [Upgrade to see in full],5.0 sta [Upgrade to see in full],Buceo 95
Mo S.,The pal [Upgrade to see in full],12/22/2 [Upgrade to see in full],3.0 sta [Upgrade to see in full],Buceo 95
Joseph  [Upgrade to see in full],We had  [Upgrade to see in full],5/31/20 [Upgrade to see in full],4.0 sta [Upgrade to see in full],Buceo 95
Shu J.,The per [Upgrade to see in full],1/13/20 [Upgrade to see in full],5.0 sta [Upgrade to see in full],Buceo 95
Marco G [Upgrade to see in full],Awesome [Upgrade to see in full],3/18/20 [Upgrade to see in full],5.0 sta [Upgrade to see in full],Buceo 95
Hillary [Upgrade to see in full],Pros:Sa [Upgrade to see in full],8/12/20 [Upgrade to see in full],4.0 sta [Upgrade to see in full],Buceo 95
Stephan [Upgrade to see in full],I feel  [Upgrade to see in full],8/31/20 [Upgrade to see in full],3.0 sta [Upgrade to see in full],Buceo 95
Alex C.,A cozy  [Upgrade to see in full],4/23/20 [Upgrade to see in full],4.0 sta [Upgrade to see in full],Buceo 95
Kevin C [Upgrade to see in full],Sangria [Upgrade to see in full],6/2/201 [Upgrade to see in full],4.0 sta [Upgrade to see in full],Buceo 95
Melissa [Upgrade to see in full],Love th [Upgrade to see in full],3/15/20 [Upgrade to see in full],5.0 sta [Upgrade to see in full],Buceo 95
Dana S.,I used  [Upgrade to see in full],11/2/20 [Upgrade to see in full],1.0 sta [Upgrade to see in full],Buceo 95
Chirag  [Upgrade to see in full],So afte [Upgrade to see in full],9/26/20 [Upgrade to see in full],4.0 sta [Upgrade to see in full],Buceo 95
Young R [Upgrade to see in full],Food wa [Upgrade to see in full],4/30/20 [Upgrade to see in full],4.0 sta [Upgrade to see in full],Buceo 95
Vickie  [Upgrade to see in full],A hidde [Upgrade to see in full],10/13/2 [Upgrade to see in full],5.0 sta [Upgrade to see in full],Buceo 95
Christi [Upgrade to see in full],I reall [Upgrade to see in full],9/3/201 [Upgrade to see in full],3.0 sta [Upgrade to see in full],Buceo 95
Ryan B.,I've li [Upgrade to see in full],7/10/20 [Upgrade to see in full],3.0 sta [Upgrade to see in full],Buceo 95
Dredge  [Upgrade to see in full],Another [Upgrade to see in full],7/27/20 [Upgrade to see in full],4.0 sta [Upgrade to see in full],Buceo 95
Nyasha  [Upgrade to see in full],4 stars [Upgrade to see in full],5/28/20 [Upgrade to see in full],3.0 sta [Upgrade to see in full],Buceo 95
Juan T.,"WOW, i  [Upgrade to see in full]",5/18/20 [Upgrade to see in full],4.0 sta [Upgrade to see in full],Buceo 95
Namrata [Upgrade to see in full],Positiv [Upgrade to see in full],1/12/20 [Upgrade to see in full],4.0 sta [Upgrade to see in full],Buceo 95
Bobbe S [Upgrade to see in full],Fabulou [Upgrade to see in full],1/5/201 [Upgrade to see in full],5.0 sta [Upgrade to see in full],Buceo 95
K M.,Will th [Upgrade to see in full],7/7/201 [Upgrade to see in full],4.0 sta [Upgrade to see in full],Buceo 95
Luke R.,THE BAD [Upgrade to see in full],10/14/2 [Upgrade to see in full],4.0 sta [Upgrade to see in full],Buceo 95
Chuck H [Upgrade to see in full],This is [Upgrade to see in full],11/11/2 [Upgrade to see in full],4.0 sta [Upgrade to see in full],Buceo 95
Lena F.,I don't [Upgrade to see in full],8/8/201 [Upgrade to see in full],4.0 sta [Upgrade to see in full],Buceo 95
Rebecca [Upgrade to see in full],They've [Upgrade to see in full],2/27/20 [Upgrade to see in full],1.0 sta [Upgrade to see in full],Buceo 95
Len B.,This is [Upgrade to see in full],10/2/20 [Upgrade to see in full],5.0 sta [Upgrade to see in full],Buceo 95
Frank T [Upgrade to see in full],It appe [Upgrade to see in full],8/3/201 [Upgrade to see in full],2.0 sta [Upgrade to see in full],Buceo 95
Mahrin  [Upgrade to see in full],Best ta [Upgrade to see in full],3/10/20 [Upgrade to see in full],5.0 sta [Upgrade to see in full],Buceo 95
Jacob L [Upgrade to see in full],The foo [Upgrade to see in full],7/23/20 [Upgrade to see in full],2.0 sta [Upgrade to see in full],Buceo 95
Oskar S [Upgrade to see in full],Opening [Upgrade to see in full],1/4/201 [Upgrade to see in full],1.0 sta [Upgrade to see in full],Buceo 95
Julie K [Upgrade to see in full],I got a [Upgrade to see in full],3/25/20 [Upgrade to see in full],5.0 sta [Upgrade to see in full],Buceo 95
Mark R.,best wi [Upgrade to see in full],3/25/20 [Upgrade to see in full],5.0 sta [Upgrade to see in full],Buceo 95
Melissa [Upgrade to see in full],The foo [Upgrade to see in full],6/20/20 [Upgrade to see in full],3.0 sta [Upgrade to see in full],Buceo 95
Lisa M.,I'm wit [Upgrade to see in full],2/8/201 [Upgrade to see in full],4.0 sta [Upgrade to see in full],Buceo 95
Ashley  [Upgrade to see in full],Solid U [Upgrade to see in full],3/14/20 [Upgrade to see in full],4.0 sta [Upgrade to see in full],Buceo 95
Pat R.,Food 3A [Upgrade to see in full],11/25/2 [Upgrade to see in full],3.0 sta [Upgrade to see in full],Buceo 95
Robert  [Upgrade to see in full],Just le [Upgrade to see in full],2/27/20 [Upgrade to see in full],5.0 sta [Upgrade to see in full],Buceo 95
Andrew  [Upgrade to see in full],Home to [Upgrade to see in full],5/12/20 [Upgrade to see in full],5.0 sta [Upgrade to see in full],Buceo 95
Bella P [Upgrade to see in full],I took  [Upgrade to see in full],4/16/20 [Upgrade to see in full],5.0 sta [Upgrade to see in full],Buceo 95
Alison  [Upgrade to see in full],Buceo 9 [Upgrade to see in full],3/12/20 [Upgrade to see in full],3.0 sta [Upgrade to see in full],Buceo 95
David Y [Upgrade to see in full],I love  [Upgrade to see in full],8/18/20 [Upgrade to see in full],5.0 sta [Upgrade to see in full],Buceo 95
Amanda  [Upgrade to see in full],I've be [Upgrade to see in full],12/1/20 [Upgrade to see in full],5.0 sta [Upgrade to see in full],Buceo 95
Amy S.,Cute pl [Upgrade to see in full],7/28/20 [Upgrade to see in full],4.0 sta [Upgrade to see in full],Buceo 95
Kenya A [Upgrade to see in full],I absol [Upgrade to see in full],5/14/20 [Upgrade to see in full],5.0 sta [Upgrade to see in full],Buceo 95
Daniell [Upgrade to see in full],Great f [Upgrade to see in full],2/27/20 [Upgrade to see in full],4.0 sta [Upgrade to see in full],Buceo 95
Shintar [Upgrade to see in full],Great w [Upgrade to see in full],10/14/2 [Upgrade to see in full],4.0 sta [Upgrade to see in full],Buceo 95
Jacquel [Upgrade to see in full],Stopped [Upgrade to see in full],5/19/20 [Upgrade to see in full],4.0 sta [Upgrade to see in full],Buceo 95
Brien M [Upgrade to see in full],Small w [Upgrade to see in full],3/3/200 [Upgrade to see in full],5.0 sta [Upgrade to see in full],Buceo 95
Claire  [Upgrade to see in full],Still m [Upgrade to see in full],9/26/20 [Upgrade to see in full],5.0 sta [Upgrade to see in full],Buceo 95
Didi R.,Great n [Upgrade to see in full],6/15/20 [Upgrade to see in full],4.0 sta [Upgrade to see in full],Buceo 95
Jeanett [Upgrade to see in full],Solid t [Upgrade to see in full],6/29/20 [Upgrade to see in full],4.0 sta [Upgrade to see in full],Buceo 95
Mariel  [Upgrade to see in full],Great w [Upgrade to see in full],3/15/20 [Upgrade to see in full],4.0 sta [Upgrade to see in full],Buceo 95
Opinion [Upgrade to see in full],Four an [Upgrade to see in full],7/10/20 [Upgrade to see in full],5.0 sta [Upgrade to see in full],Buceo 95
Mathew  [Upgrade to see in full],I reali [Upgrade to see in full],3/10/20 [Upgrade to see in full],1.0 sta [Upgrade to see in full],Buceo 95
Sam B.,The foo [Upgrade to see in full],7/21/20 [Upgrade to see in full],3.0 sta [Upgrade to see in full],Buceo 95
Kristen [Upgrade to see in full],Love th [Upgrade to see in full],1/21/20 [Upgrade to see in full],4.0 sta [Upgrade to see in full],Buceo 95
Cristin [Upgrade to see in full],I reall [Upgrade to see in full],8/7/201 [Upgrade to see in full],4.0 sta [Upgrade to see in full],Buceo 95
Selina  [Upgrade to see in full],Good ne [Upgrade to see in full],9/29/20 [Upgrade to see in full],4.0 sta [Upgrade to see in full],Buceo 95
Alex g.,Love th [Upgrade to see in full],10/4/20 [Upgrade to see in full],5.0 sta [Upgrade to see in full],Buceo 95
Art A.,Update: [Upgrade to see in full],7/20/20 [Upgrade to see in full],4.0 sta [Upgrade to see in full],Buceo 95
Adam S.,One of  [Upgrade to see in full],12/11/2 [Upgrade to see in full],1.0 sta [Upgrade to see in full],Buceo 95
Kyra D.,Absolut [Upgrade to see in full],3/3/201 [Upgrade to see in full],4.0 sta [Upgrade to see in full],Buceo 95
Joanne  [Upgrade to see in full],Pretty  [Upgrade to see in full],9/29/20 [Upgrade to see in full],2.0 sta [Upgrade to see in full],Buceo 95
Anjali  [Upgrade to see in full],We had  [Upgrade to see in full],3/8/201 [Upgrade to see in full],4.0 sta [Upgrade to see in full],Buceo 95
Steven  [Upgrade to see in full],Super d [Upgrade to see in full],8/3/201 [Upgrade to see in full],1.0 sta [Upgrade to see in full],Buceo 95
Jenn R.,My boyf [Upgrade to see in full],3/16/20 [Upgrade to see in full],5.0 sta [Upgrade to see in full],Buceo 95
Manny S [Upgrade to see in full],Delicio [Upgrade to see in full],9/4/201 [Upgrade to see in full],4.0 sta [Upgrade to see in full],Buceo 95
Julie A [Upgrade to see in full],I love  [Upgrade to see in full],8/29/20 [Upgrade to see in full],4.0 sta [Upgrade to see in full],Buceo 95
Maribel [Upgrade to see in full],I first [Upgrade to see in full],8/26/20 [Upgrade to see in full],4.0 sta [Upgrade to see in full],Buceo 95
Carolin [Upgrade to see in full],The foo [Upgrade to see in full],6/26/20 [Upgrade to see in full],2.0 sta [Upgrade to see in full],Buceo 95
George  [Upgrade to see in full],What an [Upgrade to see in full],2/13/20 [Upgrade to see in full],5.0 sta [Upgrade to see in full],Buceo 95
Alex W.,Its bee [Upgrade to see in full],6/9/201 [Upgrade to see in full],2.0 sta [Upgrade to see in full],Buceo 95
